{
  "extends": "solhint:recommended",
  "rules": {
    "no-unused-vars": "error",
    "compiler-version": ["error", "^0.8.0"],
    "const-name-snakecase": "error",
    "contract-name-camelcase": "error",
    "event-name-camelcase": "error",
    "func-name-mixedcase": "warn",
    "func-visibility": ["warn", { "ignoreConstructors": true }],
    "func-param-name-mixedcase": "error",
    "modifier-name-mixedcase": "error",
    "private-vars-leading-underscore": "error",
    "var-name-mixedcase": "error",
    "imports-on-top": "error",
    "no-empty-blocks": "off"
  }
}
